,x,y,z,zone
2015-01-01,0.12241342448953979,-45.662111682464875,0.10079966427314468,zone1
2015-01-08,0.23529492872610755,-46.76300912144657,0.3862304426902474,zone1
2015-01-15,0.7313679166607181,-44.90279084243998,-0.14368171316853753,zone1
2015-01-22,1.1405604772251543,-43.62749554230875,-0.06471252339149783,zone1
2015-01-29,0.28428447935947415,-43.146075195558204,-1.6932764079580702,zone1
2015-02-05,-0.5806854091888448,-43.124827011328634,0.635126785546584,zone1
2015-02-12,0.0033970480714438644,-42.977920497735106,-0.6358856849730832,zone1
2015-02-19,1.265472592651326,-42.58341599527229,-0.5173202824342895,zone1
2015-02-26,2.2875900809961225,-42.77139723350275,1.9672237184138925,zone1
2015-03-05,0.6253233653252358,-39.89340812410755,-0.6052866551195836,zone1
2015-03-12,1.2710055551001513,-39.588368461638574,-0.5661941676673544,zone1
2015-03-19,-0.3213635225929009,-38.27185845296498,0.9332003667828241,zone1
2015-03-26,-0.7160043704354127,-40.30619689250748,0.29056806665840024,zone1
2015-04-02,0.4803842962443209,-42.90054649997962,-0.07911128534819635,zone1
2015-04-09,0.09435171086114577,-43.635848959162075,-0.18494834857677742,zone1
2015-04-16,1.5650406854459762,-43.3083458881716,-0.05252121687007759,zone1
2015-04-23,1.2284806879981625,-41.615680275314226,0.8289342134905835,zone1
2015-04-30,2.141559901028427,-41.31836820394978,0.8629424689752608,zone1
2015-05-07,1.1897760243956412,-39.84327823850508,-0.41779875495984853,zone1
2015-05-14,0.34172325175867235,-40.25303001292221,1.8355438835141713,zone1
2015-05-21,1.023234905950239,-38.51290859389807,-1.550837763256434,zone1
2015-05-28,0.5218309772602008,-38.967074882009825,0.4696378984634243,zone1
2015-06-04,0.4523356317304233,-38.452076567793995,0.4631358970417192,zone1
2015-06-11,-0.4934763775946791,-38.137146537468375,1.5066106910347563,zone1
2015-06-18,0.19168407108275815,-38.02314358828175,2.0080728210209293,zone1
2015-06-25,0.658853060726859,-37.33737319626649,1.643756348918927,zone1
2015-07-02,0.4846101312988085,-38.50237974834694,-0.3946457300310777,zone1
2015-07-09,-1.2394456205551423,-36.37292135297092,-1.0600704403015293,zone1
2015-07-16,-1.7460653889958393,-36.9123589637483,-0.059015895160932745,zone1
2015-07-23,0.124556426827089,-38.674055767451776,0.053983517742428745,zone1
2015-07-30,0.8959771385413173,-36.58299872113563,-0.384613852270158,zone1
2015-08-06,0.5586036060444255,-35.71184824765677,-0.5736514461134321,zone1
2015-08-13,0.16401784911369677,-36.29638981561905,-1.79193960385395,zone1
2015-08-20,-1.708368113297103,-36.575754828276196,-0.8983548322671796,zone1
2015-08-27,-0.8361303294547578,-38.68440768088139,0.9709133551187883,zone1
2015-09-03,-0.5638634479291408,-41.13514351856751,1.3429445504569935,zone1
2015-09-10,-2.835404473524001,-43.29869945370816,0.5180254839991102,zone1
2015-09-17,-0.3011009711419155,-44.516188047755925,0.6083660684381769,zone1
2015-09-24,0.8430847487968612,-44.26647260295476,0.5360556769212454,zone1
2015-10-01,1.273398162517226,-44.09110035845027,-0.20801558787947058,zone1
2015-10-08,1.5970786329172346,-43.33230620508338,-0.1895607809963634,zone1
2015-10-15,-1.3179514922834943,-41.99734700919925,-0.5820266197063206,zone1
2015-10-22,-0.24455417573397087,-43.76965181911018,-0.14875860087771606,zone1
2015-10-29,-0.9812804789590612,-44.19419050833966,0.08662840415068412,zone1
2015-11-05,0.8570371857675225,-44.08877321364263,-1.324066874579948,zone1
2015-11-12,0.49072724687638414,-45.40275338908742,-0.7085513727770579,zone1
2015-11-19,-1.989405239526448,-46.76042452552764,0.6859005913651351,zone1
2015-11-26,-0.7597813305416662,-49.58579184906985,-0.647307456000025,zone1
2015-12-03,-0.266023190257342,-50.209025166875655,-0.2069183049874772,zone1
2015-12-10,-0.12832866446587954,-49.638692962941796,-0.22862689069986622,zone1
2015-12-17,1.6806411727890842,-50.309460151780634,1.5379101148513912,zone1
2015-12-24,1.381206380427411,-49.222528903403685,-1.061690837869756,zone1
2015-12-31,-1.3199416439429585,-47.79478185031199,-0.3310579673566418,zone1
2016-01-07,0.9525688439335542,-49.66849253942798,1.1498108593600462,zone1
2016-01-14,-2.0442957725432636,-48.756350802785384,1.0185967443176953,zone1
2016-01-21,-2.4318559509080773,-48.32378827815178,0.9651830529663609,zone1
2016-01-28,-1.6356752414990043,-49.00783868398145,1.0739509688721731,zone1
2016-02-04,1.0188941279365697,-50.83053169648855,-1.3618789463869687,zone1
2016-02-11,-0.3640260282351133,-49.124204649941575,-0.0117127606220096,zone1
2016-02-18,0.08661271340516036,-49.97408939989615,1.0155363138252937,zone1
2016-02-25,-0.7090331858263779,-50.285694644510315,-1.3026647009121564,zone1
2016-03-03,-1.079089364309345,-50.10905496495892,-0.47778245365352584,zone1
2016-03-10,0.6203720513258875,-51.030646121723414,1.5108935345429466,zone1
2016-03-17,-1.0161461387882245,-49.9487267656871,-0.14597426118491988,zone1
2016-03-24,-1.6309668883398158,-51.673741084103575,0.35549213644540273,zone1
2016-03-31,-2.45358800187853,-52.67104695629509,0.5748717085600811,zone1
2016-04-07,-2.6025474979772927,-55.030798083079574,-0.05948425917043634,zone1
2016-04-14,-1.6967581461729886,-56.34484229751776,-0.3831375187451232,zone1
2016-04-21,0.42936628040567737,-56.94685027213545,0.2051020604712412,zone1
2016-04-28,0.46910618839701956,-54.67182600550531,0.4438297511628362,zone1
2016-05-05,0.08086672575159093,-54.29443126480531,0.22869750223589116,zone1
2016-05-12,1.3872622364649887,-54.21336017346608,-0.20906359914478612,zone1
2016-05-19,1.8270400164415574,-54.562958913262506,-2.053993887620988,zone1
2016-05-26,1.5681790659018313,-54.37403530357014,-1.500851688447919,zone1
2016-06-02,0.997429770082439,-52.39821040702313,-0.9030640541565738,zone1
2016-06-09,1.0738605342199583,-51.42631367844908,-1.1598725134056422,zone1
2016-06-16,0.9497025958485701,-51.65545431939778,0.6763785625406317,zone1
2016-06-23,0.07803021477217675,-52.68494182644286,0.050926290490211565,zone1
2016-06-30,-0.3015519362443539,-54.73224872954448,-0.5015536135990346,zone1
2016-07-07,-0.6768447655022046,-54.048991786350086,-0.7966098751750739,zone1
2016-07-14,0.5528653843722595,-51.7024903302744,1.0576290717352628,zone1
2016-07-21,1.9457259714317712,-52.67838149129121,-0.5282829407047559,zone1
2016-07-28,0.6150463530914032,-52.00936461920899,-1.9657013140572315,zone1
2016-08-04,0.8097123748541453,-53.611752125406106,-0.9698162452814711,zone1
2016-08-11,-1.1124155506799576,-52.99407144424562,0.8684923814973661,zone1
2016-08-18,1.0029810666632624,-54.451377530926536,-0.26254195758276677,zone1
2016-08-25,1.2199361465500218,-53.60139311814661,0.24949146757025736,zone1
2016-09-01,0.28418644669557125,-53.74431131771351,0.05284328600615429,zone1
2016-09-08,0.5923297120814724,-53.20495606311538,0.2076279318912394,zone1
2016-09-15,-1.3308289414499306,-54.98412624290205,-0.060301292305110527,zone1
2016-09-22,-2.986957193558113,-57.04013598020223,-0.1962802980979027,zone1
2016-09-29,-0.5261750444593315,-58.93096444564997,-1.1574812436320705,zone1
2016-10-06,2.213419360316174,-59.9138995988409,-0.9822545424892614,zone1
2016-10-13,1.6115763730110695,-57.16215699661392,-1.0419897593289829,zone1
2016-10-20,-0.28978959678057037,-57.78520256454953,-0.1381654413397834,zone1
2016-10-27,-0.25914419533636046,-56.7426853910162,0.25063088133159483,zone1
2016-11-03,1.2266049478379752,-57.28631122554689,-1.3029311273272977,zone1
2016-11-10,-0.15426838480711125,-55.86589623805708,0.35186996395591813,zone1
2016-11-17,-0.5155956386368677,-57.29721653576556,-0.599259529299858,zone1
2016-11-24,1.7259333891741417,-57.33061862231693,0.34608207593011536,zone1
2016-12-01,1.6684066391752017,-55.63205546393119,0.40392498097021695,zone1
2016-12-08,0.33434253961488003,-55.45793998437134,0.5241527791560355,zone1
2016-12-15,0.5879477544979919,-56.54041764704795,0.8235681590865276,zone1
2016-12-22,0.2632691915681505,-57.39361878576117,-0.8605146445563577,zone1
2016-12-29,1.1568664128384838,-56.993357731389295,1.3455351950074492,zone1
2017-01-05,1.3648223337670846,-56.33494301501511,0.07104488012339097,zone1
2017-01-12,-0.1883827049703165,-54.616031032824495,-1.6561982065906429,zone1
2017-01-19,-1.3791791533729871,-54.45452242334472,-0.26547302131630957,zone1
2017-01-26,-1.7029630640723155,-55.942953456555024,1.6909638782012788,zone1
2017-02-02,-1.0312028289885318,-56.518399753076395,0.17924008357953097,zone1
2017-02-09,-0.29036951006669653,-55.08140162370026,-2.0120510593579053,zone1
2017-02-16,-0.531152490762496,-55.5377487328871,0.5427801841008442,zone1
2017-02-23,0.6469237945879381,-56.66580892369714,1.5245056239367079,zone1
2017-03-02,0.09167081057981624,-57.02841726764674,-0.7808648933494746,zone1
2017-03-09,-0.5684952313483947,-58.110425277974564,0.5747357069521506,zone1
2017-03-16,0.19354947617805718,-60.92722006843758,-2.324574849543028,zone1
2017-03-23,-1.3935125628996157,-61.8928138029609,-0.1772846381504015,zone1
2017-03-30,-0.7687199587926268,-61.240046775456115,-0.5310531753470192,zone1
2017-04-06,0.6957310623037062,-61.545720762227965,-0.6309276826013005,zone1
2017-04-13,0.6724536750448583,-60.08458088960026,-0.19748321147714779,zone1
2017-04-20,0.6576242817727938,-59.443541230938564,0.27982695532989416,zone1
2017-04-27,-1.460700129410415,-58.81535159156357,-1.1270777743654923,zone1
2017-05-04,0.42798751765947607,-59.46516886556316,-2.3190159093501403,zone1
2017-05-11,0.9886865074606531,-58.45293288221848,-0.33039192119745103,zone1
2017-05-18,0.004540050771403126,-57.9173122306224,-0.9009840032390805,zone1
2017-05-25,-0.3891939759777697,-60.10919886795127,-2.921046259073485,zone1
2017-06-01,0.929201946710366,-58.78737872540183,2.0553885276709494,zone1
2017-06-08,-0.2546035986204158,-59.28440864587142,-2.5048470836708088,zone1
2017-06-15,-0.17098121938783234,-59.76301281899944,0.04059406435720939,zone1
2017-06-22,-0.4415730145913336,-59.20407688643557,0.33881941254858433,zone1
2017-06-29,-0.8138760158944209,-59.8942372970992,-0.5689893876264654,zone1
2017-07-06,-0.20846166703404143,-59.74510566820264,-0.2328785291657246,zone1
2017-07-13,-0.30570749479082804,-60.97165181403237,-0.024812685961396894,zone1
2017-07-20,0.765268045914218,-59.58648867456301,0.6322046481991098,zone1
2017-07-27,0.4928857910625789,-59.9334273452967,-2.657706261604009,zone1
2017-08-03,0.8272958227914613,-58.62413662083625,0.0909944595701586,zone1
2017-08-10,0.8226560450902356,-58.528281631979546,0.07909977145418783,zone1
2017-08-17,-0.8085841912622361,-56.039394415513286,1.0558244052134274,zone1
2017-08-24,-0.6589289430282166,-56.03619388375801,0.6817708174761565,zone1
2017-08-31,0.05165440355780526,-56.788979420900475,0.8832100965371222,zone1
2017-09-07,0.6171824892798059,-55.69931697335798,0.07689856006371529,zone1
2017-09-14,-0.5431269757671581,-56.900496756689314,0.760677976326637,zone1
2017-09-21,-0.5918012470856717,-57.15110030183918,1.3528484624361699,zone1
2017-09-28,-0.3785708436405281,-57.765111522355035,-0.3084518264891278,zone1
2017-10-05,-2.920625679047626,-58.26044342028908,-0.09963484606216667,zone1
2017-10-12,-1.8236807576579608,-60.09993287166256,-1.4244979776212816,zone1
2017-10-19,0.36467329263293835,-61.03951445837886,-0.9553558110131848,zone1
2017-10-26,0.0022586333919269175,-61.651596240178485,1.0222945700189079,zone1
2017-11-02,0.10229257184188545,-62.81601878334445,-1.8424498125056925,zone1
2017-11-09,0.16063022667564603,-62.64705452695777,0.5294664306923473,zone1
2017-11-16,-0.08324643819636252,-63.22300017021742,-0.5014546711692655,zone1
2017-11-23,-0.7276965762913901,-62.90514111769862,0.9326053377028397,zone1
2017-11-30,1.0957951738351146,-63.21666422942476,0.9116555296659942,zone1
2017-12-07,1.326000519858695,-62.67075257804046,0.21493134768616787,zone1
2017-12-14,0.7248146191027892,-61.94152321683957,-1.2302429321646813,zone1
2017-12-21,0.2514784040753366,-62.25984238273123,0.16322655301464484,zone1
2017-12-28,0.06892379052636298,-62.220542337410215,0.3728757832054528,zone1
2018-01-04,2.1463266458941574,-63.77926901260141,0.10156743138755524,zone1
2018-01-11,0.5603363756381807,-62.196436934408034,-0.9941019701983638,zone1
2018-01-18,-0.9607404290745064,-63.1816151487028,-0.978678872821767,zone1
2018-01-25,2.218073581112558,-65.88088164558818,-1.883001311924874,zone1
2018-02-01,1.3515474364832891,-64.85459847416776,-0.13332479832274388,zone1
2018-02-08,0.9578987324163816,-63.592301730974086,1.1347454092434648,zone1
2018-02-15,0.2272651244798587,-62.3280786485042,0.8875983064684763,zone1
2018-02-22,1.038943437048761,-61.49543601516161,-1.4388153467333453,zone1
2018-03-01,0.8940247084798961,-59.534664154925,1.0876680524758482,zone1
2018-03-08,0.49947817340678996,-59.21881139601599,0.07025514095475781,zone1
2018-03-15,0.5278403359622192,-58.843344318008796,-0.5302766132137963,zone1
2018-03-22,1.37750467304292,-58.35161037031639,1.154384488561701,zone1
2018-03-29,1.527812617542426,-58.43885309702431,-2.259428483342715,zone1
2018-04-05,2.604753413244797,-56.59775550404855,0.8248451388079128,zone1
2018-04-12,1.7475481126881296,-54.56225744257642,1.1538007191843822,zone1
2018-04-19,1.7957640035703861,-51.79466110388242,0.7627662033102904,zone1
2018-04-26,1.7059426064354954,-51.44988394451016,0.3469813396389983,zone1
2018-05-03,1.9075484118949504,-49.89445045727029,-1.4435631470241173,zone1
2018-05-10,1.017012209374232,-47.513868295771175,0.7677604130165757,zone1
2018-05-17,1.5286651609019493,-46.344794664309234,1.7310714193447667,zone1
2018-05-24,0.955727493609945,-44.328590139431356,-0.15259659786966995,zone1
2018-05-31,1.159968092529346,-45.67659316942078,-0.005091742638535591,zone1
2018-06-07,-0.3972546582388613,-43.33911910916821,-0.22621821825215963,zone1
2018-06-14,1.5161900699700857,-44.12106860352813,0.1060378678710675,zone1
2018-06-21,0.6863884223712837,-42.57749052527646,0.4902779130827154,zone1
2018-06-28,0.1701521102135939,-44.03494525716522,0.23207810120283603,zone1
2018-07-05,0.029009552510142228,-44.07768203595203,-2.1207438537668106,zone1
2018-07-12,-0.6308988993841893,-43.407095934169284,-1.01499300814105,zone1
2018-07-19,-0.2981291522915332,-43.24264227567894,0.39242919278125965,zone1
2018-07-26,-0.04292602804857715,-43.49160765763248,1.1061617194257505,zone1
2018-08-02,0.20444953093580281,-43.4403763007442,0.03646029584518062,zone1
2018-08-09,-0.2025706567246874,-43.00757411173122,-0.3099075149836683,zone1
2018-08-16,0.7764501100913669,-42.96027619348204,0.5357811910557752,zone1
2018-08-23,0.09719170998071647,-41.56385082116738,0.4593381031629302,zone1
2018-08-30,2.2700635519653938,-40.768554351436066,0.42772706112097797,zone1
2018-09-06,0.2963343315527055,-38.966528237928365,0.5185456934148789,zone1
2018-09-13,0.19764858848719277,-39.497299667818844,-0.11100149821355876,zone1
2018-09-20,0.2660338167344245,-38.65377480841458,0.31351398257988666,zone1
2018-09-27,0.584768082944072,-39.43299192013072,0.7379881286153113,zone1
2018-10-04,1.645982897251664,-40.24090654089816,0.18014547953331578,zone1
2018-10-11,0.35063961871145555,-38.59002755627034,2.0103493363629426,zone1
2018-10-18,-0.15386475078267747,-36.53619606702822,0.15125440960796765,zone1
2018-10-25,-0.10821926652551944,-37.35088924594111,1.192747966590695,zone1
2018-11-01,-0.768467538156408,-37.098033431423644,0.9739168154564924,zone1
2018-11-08,-0.2079460340723287,-36.21647631804421,0.6797720822235782,zone1
2018-11-15,-0.2500406087855124,-35.716100755627025,-0.42070420774698425,zone1
2018-11-22,1.0076274271944148,-37.11720065180336,-0.3293651350052167,zone1
2018-11-29,0.5197345872364805,-35.48892363718654,-1.7728617199981807,zone1
2018-12-06,-0.6213232568546271,-35.820559349314934,-0.34184600357142925,zone1
2018-12-13,-0.44795167175285405,-35.69820087421554,-0.9108143555728327,zone1
2018-12-20,1.31920966638747,-35.55418282098081,0.5000908923816708,zone1
2018-12-27,1.5574688667523755,-36.07108194746373,1.637568421236526,zone1
2019-01-03,0.4926291525140478,-35.576492876416374,-1.3504480155589929,zone1
2019-01-10,0.19733904689616524,-35.14619917033181,-0.15834770619851327,zone1
2019-01-17,1.3802742023777395,-34.27582907526401,-0.8761929841065212,zone1
2019-01-24,0.08876350031230607,-34.734142188897025,-0.02255261073902489,zone1
2019-01-31,0.10778193017674527,-34.94649362886038,-1.3054858726175416,zone1
2019-02-07,0.29248430095560574,-34.56752862182031,0.7421511950894978,zone1
2019-02-14,0.6161697990543795,-33.93744509532367,2.1595801746856265,zone1
2019-02-21,0.8950381232684419,-34.12115937334556,0.48334952914653184,zone1
2019-02-28,0.44872605854108305,-33.43696809135261,2.962702429903468,zone1
2019-03-07,-1.1057967765745378,-34.71832557510545,0.4745022581841585,zone1
2019-03-14,-1.3862346889042265,-35.34919796623573,0.21904049613938514,zone1
2019-03-21,-2.595876211620072,-36.71428376602981,2.7884827475012415,zone1
2019-03-28,-1.5684440067452852,-39.65807799163471,-0.8630837107233362,zone1
2019-04-04,-1.5957236645464148,-40.109692563610466,0.04235476962946812,zone1
2019-04-11,0.9367080265927759,-39.96704037652455,1.9666829038265843,zone1
2019-04-18,0.8107782230296963,-39.91652647880708,0.9486089542741073,zone1
2019-04-25,0.19227294830082778,-41.58999627288669,0.2851273758093158,zone1
2019-05-02,-2.4769146780783577,-41.61995624342844,-2.1725444110718444,zone1
2019-05-09,-0.17521582127922675,-44.915732024147125,-0.8779745638334663,zone1
2019-05-16,-1.1830089770080363,-44.86813701763265,-0.955740360459176,zone1
2019-05-23,0.4384923275851067,-45.25709697864619,-1.20020732873137,zone1
2019-05-30,0.8138506185447621,-46.36842959449106,-0.45387877851577396,zone1
2019-06-06,0.44022198153341796,-46.87457947455049,-0.4605413017356305,zone1
2019-06-13,-0.2186029867902593,-45.8887806243461,-1.4956129520032795,zone1
2019-06-20,0.07431824420558972,-44.36671734621227,0.32218264894831006,zone1
2019-06-27,0.2116238480689735,-44.863557966283246,-1.5019224967821716,zone1
2019-07-04,-0.6465171472808651,-43.22701845664651,-0.9403583422112604,zone1
2019-07-11,-0.3818373037246383,-42.840837538934046,0.8686444828572076,zone1
2019-07-18,0.5406715248758139,-44.01028708984293,0.6001732429989518,zone1
2019-07-25,-0.3598310080249429,-42.4854156637624,1.2413417370672748,zone1
2019-08-01,-1.6285050347366168,-42.62751471097623,0.00528917586854591,zone1
2019-08-08,0.30917134765241316,-43.79434988314248,-0.3945118285090551,zone1
2019-08-15,0.34977690550788987,-43.00777927925688,0.46344633882178227,zone1
2019-08-22,1.807936310019644,-41.15994773105521,2.4877759842710288,zone1
2019-08-29,1.76089528267571,-37.438791924160206,-0.337937986206519,zone1
2019-09-05,2.16438508051724,-35.81002490099869,0.8878093632189429,zone1
2019-09-12,2.4795831883322874,-35.95722209219089,0.41382182857689676,zone1
2019-09-19,2.239230585120712,-34.333925075102776,-1.0042849699042378,zone1
2019-09-26,0.7501048608172349,-32.02371234865871,-0.05089017928202848,zone1
2019-10-03,-1.2475906384259088,-31.993966712526586,1.3753951553245778,zone1
2019-10-10,-1.9400355636113713,-33.066752682238764,0.4418084789616193,zone1
2019-10-17,-1.3008090315753411,-33.881554965241044,1.0677128111970184,zone1
2019-10-24,-1.0572839762940074,-35.99859092380004,-0.21332317976937107,zone1
2019-10-31,-2.0998323694600085,-36.875638746503164,1.906545723072142,zone1
2019-11-07,-2.351740113234755,-38.69769117869223,-1.0934666271278892,zone1
2019-11-14,-1.8105030296708127,-40.91544572787127,-1.50396172481386,zone1
2019-11-21,-1.3718703968982922,-40.44032869879206,-0.12142687282359386,zone1
2019-11-28,-1.3868673169657817,-41.631750984953946,0.45969641763146135,zone1
2019-12-05,0.5345531828169032,-42.54769638846392,1.9766245571832268,zone1
2019-12-12,0.21344910229034017,-40.310654285364706,1.0748485925811562,zone1
2019-12-19,0.27237896014004903,-40.56658221769345,-0.2889985057505633,zone1
2019-12-26,0.6130663809130711,-41.82253576770441,-0.7955452815715975,zone1
2020-01-02,-0.5622611627489655,-40.46257105203641,0.6182540058394986,zone1
2020-01-09,-0.4232938186058892,-42.217862325139784,0.2125090310491537,zone1
2020-01-16,-0.6497010491218802,-42.18235831795186,-1.69346922078576,zone1
2020-01-23,-0.7036830121821545,-40.57964333948415,-0.517916951338175,zone1
2020-01-30,-0.2331955584271273,-40.6240587271541,-2.0118485175840375,zone1
2020-02-06,-1.0977699646082402,-40.64871802043619,1.2302556125318411,zone1
2020-02-13,0.87320570955004,-41.3741224143849,0.640760865595277,zone1
2020-02-20,-0.6328569013627792,-41.91414399403969,0.20420843789381796,zone1
2020-02-27,0.4897112189087359,-43.390895015358645,0.2191265146733604,zone1
2020-03-05,-1.3188712310723192,-43.55641613057061,0.007931045590704303,zone1
2020-03-12,0.29150624988680696,-43.43547529570677,-0.6259317329855907,zone1
2020-03-19,-0.942838537340706,-44.454959851325974,-0.4835355665338527,zone1
2020-03-26,-0.4990113209763343,-46.18057706451853,1.1887274795899632,zone1
2020-04-02,-0.5134006116953975,-47.70359293359952,-0.9738544661559703,zone1
2020-04-09,0.9099825332826111,-48.02202061980764,2.461455562784587,zone1
2020-04-16,1.5332851063123893,-47.67799921366128,0.17340654906734662,zone1
2020-04-23,1.7384723774198847,-45.21092075946323,-0.5033310397747311,zone1
2020-04-30,1.2738461545953825,-45.336375930801445,1.5972097381768984,zone1
2020-05-07,-0.05320687766189813,-45.19925160008303,-0.6474853226035869,zone1
2020-05-14,1.7682333841886615,-45.407519097159586,-0.442569787402778,zone1
2020-05-21,1.0134001372165484,-43.63356114615712,-0.28773948781300607,zone1
2020-05-28,0.37253638773784575,-44.64620668086093,-0.6592010562548247,zone1
2020-06-04,-0.4146344137660247,-43.63051412523944,-0.24734969870803528,zone1
2020-06-11,-1.1339921145756375,-45.00871657502635,-0.6697239719385428,zone1
2020-06-18,0.39473306712157885,-46.23354777551292,-0.2647592301345934,zone1
2020-06-25,0.7891135538559715,-46.643776080108964,-0.028939801300001594,zone1
2020-07-02,0.8758289449787241,-45.485492435549624,0.2685609072797959,zone1
2020-07-09,2.0298188337106793,-45.28356270013507,-0.3561224489230888,zone1
2020-07-16,-0.17036750766260256,-44.6494768531891,-0.4762768398635583,zone1
2020-07-23,-0.6388891396601085,-44.04031919470723,1.5200484685197853,zone1
2020-07-30,0.1452925266031107,-43.82307164130685,-0.3215539318434028,zone1
2020-08-06,0.3009216266608613,-42.20190140601415,-0.7063943923287206,zone1
2020-08-13,-0.8439420503101551,-43.04055927315235,1.1324951630599134,zone1
2020-08-20,-0.6069387842002973,-44.21072155919241,-1.7070905075832663,zone1
2020-08-27,-2.7056042875404267,-43.99842910439766,0.4470512915285521,zone1
2020-09-03,-2.913293770627916,-45.0306741355351,-1.799455492276485,zone1
2020-09-10,-0.9230229324427199,-46.46198620017484,0.9324450340695251,zone1
2020-09-17,-0.620644354531492,-45.22826695482338,0.8479716615815415,zone1
2020-09-24,-0.6345625332889064,-45.48723152079284,0.06465410117686667,zone1
2015-01-01,-0.9076360968724982,-120.3744214901533,-0.09732384238908917,zone2
2015-01-08,-0.012305890776512951,-121.0947913386079,-0.0380589729807824,zone2
2015-01-15,0.35704093492582234,-122.24519359063743,-2.211427755378873,zone2
2015-01-22,1.9333164668420322,-121.37214810828861,1.6171719032154153,zone2
2015-01-29,2.793145466471292,-120.3399225886837,0.2814011040608752,zone2
2015-02-05,1.5443233681013897,-117.22341772539853,0.3010510351906899,zone2
2015-02-12,-0.7573783992262875,-118.41042012511545,0.22391986565997551,zone2
2015-02-19,0.2678136236543702,-119.87350184937874,-0.25232279012465736,zone2
2015-02-26,-0.8208759754585424,-118.79322547258904,0.372769828248933,zone2
2015-03-05,-0.1531015125407566,-120.11865290620234,-0.030118882372705682,zone2
2015-03-12,-0.479885245953818,-119.58689843163467,0.2764543267432971,zone2
2015-03-19,0.7725242637751293,-119.34863857153198,-0.5900805698329874,zone2
2015-03-26,0.254274853778344,-118.69163563888426,-0.2981606455854965,zone2
2015-04-02,0.32088330461942594,-118.49397320358159,1.55602583165374,zone2
2015-04-09,0.5292701610292413,-118.0209267570744,0.2046768208173873,zone2
2015-04-16,-0.07253113183647047,-116.18467406167352,-0.2519303144683478,zone2
2015-04-23,0.7140034598424656,-116.53762301559755,0.03555914908163537,zone2
2015-04-30,0.6903149390311878,-116.28082656410474,0.7891273082847654,zone2
2015-05-07,0.6625418873111513,-117.88082917389093,2.196361187804943,zone2
2015-05-14,1.4417995258779819,-117.78880929051667,0.9581251952002116,zone2
2015-05-21,-0.7065957415018255,-116.64714608679098,3.170020336072272,zone2
2015-05-28,0.20338197176893452,-117.7847832292589,1.1780022712518663,zone2
2015-06-04,1.1730409739335033,-118.82993691167303,-0.7354060065734797,zone2
2015-06-11,0.4057421363999534,-118.21435397283616,-1.0667784538883969,zone2
2015-06-18,-0.7487377662740824,-118.49195182569056,0.38443683259441447,zone2
2015-06-25,0.16724637506253848,-119.27156119485277,-0.5990946325227143,zone2
2015-07-02,-1.0044759294573136,-120.32371512905972,-0.7465912526020636,zone2
2015-07-09,0.4424590283506977,-120.16514133918987,-1.484125476169613,zone2
2015-07-16,0.2020630864127064,-120.69299810753517,-0.9698452967874499,zone2
2015-07-23,-1.6693150611507315,-120.3496033381206,1.6953597246608054,zone2
2015-07-30,-0.3611841108648731,-119.96379069841592,-0.5830606429694386,zone2
2015-08-06,-0.43024710653825204,-119.09363527679565,0.2152832268108741,zone2
2015-08-13,1.7062525730628464,-117.37372410168763,0.5078659805230286,zone2
2015-08-20,1.2795400670310493,-117.24010159450026,0.16076757603603348,zone2
2015-08-27,1.2695080674976995,-115.43126066511266,-0.6494782999373024,zone2
2015-09-03,2.8176600629440793,-114.83118885902462,-1.2670973475987657,zone2
2015-09-10,1.674472140164843,-114.34452025083043,-0.9602457381354844,zone2
2015-09-17,-0.6972069198383235,-112.41468930897331,-1.7320116162741366,zone2
2015-09-24,-0.02867899636542892,-112.50820518441316,-1.3223430767541824,zone2
2015-10-01,2.3678779326725947,-112.22579616399229,-0.325141934826313,zone2
2015-10-08,0.2431609134615753,-111.02682701608488,0.46115651653474854,zone2
2015-10-15,0.10156750850226229,-109.58170511073692,0.10804438721641614,zone2
2015-10-22,-0.38904256237394647,-108.9652003163307,-0.5899494951313715,zone2
2015-10-29,-0.18599732917295486,-106.85653886139235,0.32257673240123785,zone2
2015-11-05,-0.5012187493466134,-106.49965271781824,-0.019095188298138152,zone2
2015-11-12,-0.5645786053968147,-106.32172260695879,-2.4654293105109293,zone2
2015-11-19,-2.576151566182958,-107.54934559628413,1.4161112267595848,zone2
2015-11-26,-0.36404085603629643,-109.24199749285805,-0.6007042646664217,zone2
2015-12-03,-0.9269230024915253,-111.74210440389561,1.6379719595723252,zone2
2015-12-10,0.39585121646154514,-113.53640035163342,-0.2947753040971752,zone2
2015-12-17,-1.055508012844036,-114.12277483239863,-1.0576738801435015,zone2
2015-12-24,-0.964740665238502,-113.81368921128478,-0.011364650954687585,zone2
2015-12-31,-2.9243592615023957,-114.4274012377149,-0.06457217339767142,zone2
2016-01-07,-0.29666423922788154,-116.31423193052424,-1.343395908607483,zone2
2016-01-14,-1.411829912834857,-117.16012607037227,-2.357815562125887,zone2
2016-01-21,-1.3325374435389712,-119.46180749624304,-0.2496786369860937,zone2
2016-01-28,-1.8925191846208214,-118.61441735527573,0.15100284866162372,zone2
2016-02-04,-1.4448117160229625,-119.24702760865291,0.8934189856749624,zone2
2016-02-11,-0.17885521533074422,-119.72214265369398,-0.45346332045845655,zone2
2016-02-18,0.39529719770973054,-120.63452789252288,-1.3991940781396934,zone2
2016-02-25,0.637750214602442,-121.36669463183416,-0.12204274158887844,zone2
2016-03-03,0.5947775890842822,-121.035584067322,0.8299106930480926,zone2
2016-03-10,-1.426376257293797,-120.45431224651503,-1.3071483540783488,zone2
2016-03-17,-0.29040192114197266,-120.7951859931135,-0.5091759722818427,zone2
2016-03-24,0.013309662316067561,-120.08129255138121,-0.016043781580993264,zone2
2016-03-31,-1.3903596687241677,-119.61973378657846,1.0938119792298588,zone2
2016-04-07,-0.3794974019342619,-120.89370507500237,0.5515962759217696,zone2
2016-04-14,-1.846129765911554,-119.88918023611372,-1.2051565481613078,zone2
2016-04-21,-1.5825901071507347,-121.07974531666883,-0.07010394541659988,zone2
2016-04-28,-1.3693377154414044,-121.00838503124872,0.10885598996452224,zone2
2016-05-05,0.2756855356349469,-121.67353659486724,-0.3489256637353761,zone2
2016-05-12,1.0660192180847055,-122.24819108080007,-0.6624896089861252,zone2
2016-05-19,0.09378741502321386,-121.70424093965755,1.3294482829503527,zone2
2016-05-26,0.1729839534088001,-122.26253174082908,-0.17527369483242775,zone2
2016-06-02,-0.5925167358755498,-122.10570032597037,1.1369865902669187,zone2
2016-06-09,-0.6687553027224937,-122.77959426567678,-1.3547676998759846,zone2
2016-06-16,-0.4712918001865578,-124.00795116754482,0.6697611576380202,zone2
2016-06-23,-0.6559309776734661,-124.62969909769282,0.6659474436928468,zone2
2016-06-30,-2.1486352652890157,-125.366424690135,-0.9991951582587116,zone2
2016-07-07,-1.7723888417124336,-126.37276398969995,-0.5275562965984926,zone2
2016-07-14,-1.3559368804722083,-127.38453790166604,0.2733669967920779,zone2
2016-07-21,-0.717160630841149,-127.45886091190687,0.10885034207361752,zone2
2016-07-28,-0.40851514325902716,-127.29790074770149,1.58643176967608,zone2
2016-08-04,-1.2846500265947596,-127.74050912592696,-1.2395354995911885,zone2
2016-08-11,-0.9049217653288367,-129.1009021960724,0.3070827136253042,zone2
2016-08-18,-1.174915323547962,-128.46754627051905,1.0094806856346272,zone2
2016-08-25,-1.632680220985081,-129.92565906657202,1.833690555242848,zone2
2016-09-01,-0.565992055803606,-131.5556306863407,1.3408669057481672,zone2
2016-09-08,-0.014655281139020315,-132.91345532126192,-0.39787456944874255,zone2
2016-09-15,1.2479320597498162,-134.41073254982967,-0.32322849344370613,zone2
2016-09-22,-1.3750880714354867,-134.59421403033684,1.9666879717467456,zone2
2016-09-29,-0.31954979716947474,-135.3573501450953,0.49511419264788625,zone2
2016-10-06,0.3328910953846111,-134.18482980064178,2.430049226450786,zone2
2016-10-13,-0.11101453718315016,-133.3277743836627,0.013135422660136052,zone2
2016-10-20,-0.5372563035894262,-133.8801648201663,0.04634276854138245,zone2
2016-10-27,-1.0930142586121643,-133.39521675280332,-1.1716267250339916,zone2
2016-11-03,-1.3624776595639478,-134.0854975386694,-0.666304307738594,zone2
2016-11-10,-1.3199982089037516,-134.68328597998712,0.3405896065502977,zone2
2016-11-17,0.7534324244196764,-136.52157945675194,1.2216081667611178,zone2
2016-11-24,0.4832394669117878,-134.9791320967322,-0.4863603339994896,zone2
2016-12-01,0.6356393164852593,-135.7755710227423,-0.8589971778545168,zone2
2016-12-08,-0.03204318936640227,-135.62433025686443,-0.9513841065756852,zone2
2016-12-15,1.5089871311327934,-134.76110823299288,0.2079113625345924,zone2
2016-12-22,1.4810714550257924,-134.15014422508509,0.5935614553689444,zone2
2016-12-29,-1.2310062214658326,-135.1890668167868,1.2548290033534633,zone2
2017-01-05,-0.8934996707550098,-134.4818643542526,-1.2361309371406324,zone2
2017-01-12,-0.10588143079596457,-135.8967924569842,-0.2422010564234739,zone2
2017-01-19,-2.1371234627257882,-138.11342851869418,1.3538787803918142,zone2
2017-01-26,0.3204175948569743,-139.98705464909216,-0.4336561953169922,zone2
2017-02-02,1.1166740780808058,-140.9311689782018,-0.4347021056409448,zone2
2017-02-09,-1.488688728351888,-141.90029296109375,0.4117978172679045,zone2
2017-02-16,0.3071922862055909,-144.7097098840294,-0.3212779473440702,zone2
2017-02-23,-0.5737794723606865,-144.17001217344398,-0.09969021542210975,zone2
2017-03-02,-0.14396006393120786,-145.21023958407199,-0.20619257763417595,zone2
2017-03-09,-0.7984269881507251,-146.34135932976162,0.46129065071229675,zone2
2017-03-16,-0.9257290146068617,-146.11150914646237,-0.17627974274026562,zone2
2017-03-23,1.9939152058267995,-146.22734236593436,-0.23939295042667033,zone2
2017-03-30,0.5920482142963883,-145.29222889168153,0.834567988378821,zone2
2017-04-06,0.5438980829350004,-145.0753417273691,-0.7241537241678954,zone2
2017-04-13,-1.2185422696570565,-144.96513840211685,0.5631284069694751,zone2
2017-04-20,-0.1374061083644637,-145.64205459465995,0.47942366195358427,zone2
2017-04-27,-0.8168550934737943,-146.86001359142335,-1.7111247042838096,zone2
2017-05-04,-0.7142942099568833,-147.9128123982498,1.278451941581613,zone2
2017-05-11,-0.7875182610730967,-148.1397683115188,1.0059436795165402,zone2
2017-05-18,1.535730884750888,-148.04485577637686,0.6645261020909465,zone2
2017-05-25,0.2828294926908298,-149.34963615026803,-0.20399932181811603,zone2
2017-06-01,-0.31363907458077134,-148.32680324693257,-0.7474482377540945,zone2
2017-06-08,0.16026408720519464,-150.7121238869606,1.548331871792721,zone2
2017-06-15,0.6774326119873432,-149.53097961236912,0.2955322598828201,zone2
2017-06-22,0.6122914803184285,-150.1035755285812,-1.2360932105728324,zone2
2017-06-29,1.6511080039775976,-149.16932693186877,0.12446280123335143,zone2
2017-07-06,1.5229770123923472,-147.30833507404958,0.2807670800661593,zone2
2017-07-13,1.1325098446459692,-143.6370821260894,-0.2583059752215274,zone2
2017-07-20,0.7782171647918388,-141.83642008264553,0.9471652146628228,zone2
2017-07-27,0.6159107464408969,-140.95156157515106,0.20526194000952167,zone2
2017-08-03,1.8884264700372049,-139.8674265436383,-0.06122481996278612,zone2
2017-08-10,0.08529656817750197,-138.90165965786966,0.2929122327132552,zone2
2017-08-17,0.8467124561504095,-140.37036791953173,-0.6549492149672251,zone2
2017-08-24,1.6147495757916674,-137.80259793980716,-0.14632202969784824,zone2
2017-08-31,1.435157008776358,-136.80456777957625,-0.02172564198801901,zone2
2017-09-07,2.2452336236110284,-137.7296621045767,0.19012726518399103,zone2
2017-09-14,-0.18975388389975034,-136.5211391450417,-0.9243024898669338,zone2
2017-09-21,0.745181071411203,-135.34785759934968,-0.045321376618150486,zone2
2017-09-28,2.654546861282058,-133.88414556001422,-1.5668805381982007,zone2
2017-10-05,2.050300376045003,-133.68145125308496,0.24202751383787868,zone2
2017-10-12,1.9502837058717968,-131.48932647056583,-0.5690907387631086,zone2
2017-10-19,1.0975069295814313,-130.75099824401613,3.019878979059148,zone2
2017-10-26,-2.158450038950282,-129.67778463093322,0.09702268624771336,zone2
2017-11-02,-1.0313137691686525,-132.32917215055727,-1.5037864181231777,zone2
2017-11-09,1.1575610060779273,-131.75372451005535,0.13115057127510635,zone2
2017-11-16,2.260139058065046,-131.13908935720795,0.05992318139358424,zone2
2017-11-23,1.356387777163585,-130.41076716203222,-0.8944169007316353,zone2
2017-11-30,0.3798108146920131,-130.82045596823409,-0.41231066972886854,zone2
2017-12-07,0.8091579506617017,-130.55636515995312,0.9191198659721785,zone2
2017-12-14,1.9158571091129282,-130.3817793036466,0.6450785833262574,zone2
2017-12-21,-0.6453303457993166,-128.30204102106865,-1.8861683928551274,zone2
2017-12-28,-0.2786794676195042,-127.27566693185955,0.5113223244710581,zone2
2018-01-04,0.9434240667575043,-127.54971965629032,0.15325664522751753,zone2
2018-01-11,0.34377830688714683,-125.64647139586336,2.433434696622809,zone2
2018-01-18,0.4626804652347639,-126.04996796289952,0.4362312888527593,zone2
2018-01-25,1.8017286096501477,-127.3084487437288,-1.0439357387194417,zone2
2018-02-01,1.379976408386256,-126.38156556986486,-0.47248532633051726,zone2
2018-02-08,-1.7099148514935016,-124.91051894492531,-2.791629135903021,zone2
2018-02-15,-0.01739053759822473,-124.14939381965337,-0.6194384338449871,zone2
2018-02-22,1.7511020774160868,-123.39528501786056,1.5105329756386907,zone2
2018-03-01,1.2178996927237753,-123.33221313994312,-2.1234462327997154,zone2
2018-03-08,1.8196631602949236,-121.83010470378755,0.7219528763312876,zone2
2018-03-15,-1.4953928512216805,-120.09314125467988,-1.5221804952769755,zone2
2018-03-22,0.09194537185217222,-120.07484326141281,-1.0319513777746505,zone2
2018-03-29,0.9989033768237994,-119.83963524546773,0.5989579638752552,zone2
2018-04-05,0.9659608764058243,-117.15547434959366,0.60878527493508,zone2
2018-04-12,1.5902389406651474,-116.94486817014635,1.6048760473747365,zone2
2018-04-19,0.529998179004156,-116.50669505133214,1.8300034603574897,zone2
2018-04-26,0.9327219880670341,-115.2298158405792,0.11768503346421622,zone2
2018-05-03,1.6262552916871873,-114.40708086108032,0.12054190546110559,zone2
2018-05-10,1.2759733357787009,-114.11711254235423,-0.9185101029687911,zone2
2018-05-17,0.2341597130705667,-114.73765871630354,-0.9046272929680961,zone2
2018-05-24,0.28406655713895035,-116.75020935676324,0.17503719213590582,zone2
2018-05-31,-0.3076045567493425,-116.44869127810986,-0.42096667177203145,zone2
2018-06-07,-1.589410702024233,-117.50085657247271,0.9554566788986625,zone2
2018-06-14,0.11985979812140546,-119.56678645017885,-1.259486875790473,zone2
2018-06-21,-0.6046493445081071,-119.25147080223063,0.7787727551805681,zone2
2018-06-28,-0.08064851169197079,-119.6541165660283,-1.8335828156451557,zone2
2018-07-05,-0.226960892756158,-120.81567480084426,-2.3129983966562104,zone2
2018-07-12,0.4368531596823819,-119.35746170428531,0.4939068774347115,zone2
2018-07-19,0.5278219222271723,-120.02026273105709,1.1598201048025356,zone2
2018-07-26,-1.5303099421378268,-120.22875476453716,0.7869059677776636,zone2
2018-08-02,-0.5127594290035782,-122.58036838408373,-1.3978562923995033,zone2
2018-08-09,0.6028331033130252,-122.56722961285652,0.6128295892517995,zone2
2018-08-16,0.9187140120910957,-120.45771448229414,1.443007309053564,zone2
2018-08-23,0.2465510378307469,-118.49862573761281,1.8784493691085218,zone2
2018-08-30,0.16668676525420004,-120.28809216001066,1.475699744253826,zone2
2018-09-06,1.3318330620984564,-119.50653516072416,-0.03182982054265145,zone2
2018-09-13,1.3778314241547416,-120.73004035101118,-1.3121595191156634,zone2
2018-09-20,1.796927238787278,-121.88628245152984,0.7022277587129194,zone2
2018-09-27,0.6977969311021508,-118.56827084410868,-0.9710301123374936,zone2
2018-10-04,-0.9106668807925995,-117.10387149960519,-0.5900814707266296,zone2
2018-10-11,-0.600155155689848,-119.16668206878818,-0.39852345670621275,zone2
2018-10-18,-4.9078847731019595,-119.74236789753294,-0.10891083425244154,zone2
2018-10-25,-4.059268466010137,-123.28731530967534,1.7029437513686878,zone2
2018-11-01,-0.33520092032743287,-127.08940339241364,0.442812644786699,zone2
2018-11-08,0.5436227534821975,-128.58025996370176,-0.1951147073251018,zone2
2018-11-15,0.5912435480691194,-128.35025759343722,-1.0648239661565548,zone2
2018-11-22,-0.25312813662817946,-127.12867735682615,1.9750644588875128,zone2
2018-11-29,-0.3429721211037753,-127.80101590138462,-0.9306208986490139,zone2
2018-12-06,-1.8677170835914518,-128.4158191466338,-1.0045937464477606,zone2
2018-12-13,0.4871678307676528,-128.2351472909204,1.0420122989921676,zone2
2018-12-20,-1.0082122538857403,-127.95312787217368,-0.024678814460366117,zone2
2018-12-27,-1.8949720492689883,-126.70983959851898,0.10304978834922167,zone2
2019-01-03,-0.9363069520475465,-127.55662716553772,0.04929618012450311,zone2
2019-01-10,-0.46466884091568983,-127.17460213374493,-0.575391218694751,zone2
2019-01-17,-2.7687026743260743,-129.25982809402734,-0.3932185869158174,zone2
2019-01-24,0.18489162925321123,-130.50343636388342,-1.6600115537133184,zone2
2019-01-31,-0.21112138659748858,-130.40611009163422,0.9498364568389187,zone2
2019-02-07,-1.1588671083567406,-129.98330008817612,1.0342485134910209,zone2
2019-02-14,0.4636558552751203,-132.564214298472,-0.19372878657749282,zone2
2019-02-21,1.2133925115907742,-131.35740685579236,1.092201739459255,zone2
2019-02-28,1.2693747270153808,-131.3627306972378,0.1376526414161869,zone2
2019-03-07,0.6574781450915982,-128.7798758145168,-0.12455259776589009,zone2
2019-03-14,1.2525148756496018,-129.58975107154436,-0.6895300864670366,zone2
2019-03-21,0.40392992422477236,-129.2958030155802,0.0022395096008355417,zone2
2019-03-28,-0.24455644910215724,-128.9188204224817,-1.3017835373138191,zone2
2019-04-04,0.8263563222735454,-128.61518551758047,0.04622069331945073,zone2
2019-04-11,0.664858461852555,-129.00502984937168,-0.18148039427437154,zone2
2019-04-18,-1.0723109485721898,-128.32296219528757,-0.35269380493185076,zone2
2019-04-25,-1.0460628108872316,-130.10795666226215,1.2572124428205111,zone2
2019-05-02,1.0717360093237787,-131.3197637350589,-0.5002516324670678,zone2
2019-05-09,1.6799555810429494,-130.99256938520125,0.2384843883195907,zone2
2019-05-16,2.269057570693273,-129.50586025271576,0.9293758360827471,zone2
2019-05-23,1.4143276114820416,-128.20370211210852,-0.5528183922759058,zone2
2019-05-30,-1.002427576919878,-129.34737953472512,1.420766993076058,zone2
2019-06-06,-0.7662040649308302,-131.82160551747094,1.0975896737153275,zone2
2019-06-13,0.299915838368371,-132.424612554758,0.3878054168996726,zone2
2019-06-20,1.1916943124179935,-131.10703869267402,1.9230960215948087,zone2
2019-06-27,1.5508884885323406,-130.9934259316994,2.1886685420144243,zone2
2019-07-04,0.32743375726146995,-129.36364173223743,1.6943302791272887,zone2
2019-07-11,-0.5085114439473077,-129.0701565332732,0.4675898896304416,zone2
2019-07-18,-1.5978654096553524,-131.44315717364205,-0.1611484493192006,zone2
2019-07-25,0.0762495110220126,-132.49655497427077,-1.2606770066835404,zone2
2019-08-01,0.32681844446053965,-132.42168080889192,-0.8256350773314748,zone2
2019-08-08,0.5331701579281883,-131.46731352976215,-0.7590146191959606,zone2
2019-08-15,-0.03806810671029065,-130.34605145252897,0.7486596245131506,zone2
2019-08-22,0.6196930670571207,-131.9423235583926,0.40827935835287466,zone2
2019-08-29,2.061029108912578,-130.33055370569699,-0.19626330196033862,zone2
2019-09-05,0.42805300475824104,-128.69605808146784,-0.4407453288610822,zone2
2019-09-12,0.9531894523062114,-129.28434364627566,-0.5161865390894045,zone2
2019-09-19,1.2374578450298284,-127.80184005076609,0.4236252745451807,zone2
2019-09-26,1.280284367907948,-127.3219450242792,-0.8130908422920354,zone2
2019-10-03,-1.9127928785929893,-126.92034446895305,-0.821910791550702,zone2
2019-10-10,-1.6157016581399355,-127.78877617893471,-0.06503241700251168,zone2
2019-10-17,-0.785743417158387,-129.22976392038336,0.654330089204248,zone2
2019-10-24,-1.5209496683749748,-128.86056006596218,-0.4799064397852385,zone2
2019-10-31,-1.0610743202896749,-130.3897272854114,0.32090116766790894,zone2
2019-11-07,-1.2240588525500744,-131.59952290999317,0.653624999020838,zone2
2019-11-14,-0.31305793209931393,-132.890373743539,-1.494176156120224,zone2
2019-11-21,-0.27649109308764414,-133.57869807091862,0.5785586719855359,zone2
2019-11-28,-1.6238602426203452,-132.53273476834215,-0.9156838372426235,zone2
2019-12-05,-1.206809035528337,-133.65837914805599,0.30933536624130936,zone2
2019-12-12,-1.4777905453026825,-133.4963535534728,0.9673738706325841,zone2
2019-12-19,-1.5881506191186932,-135.11237975812475,0.024030304125877748,zone2
2019-12-26,-0.816946618640511,-136.2384885912864,-0.24408760185556702,zone2
2020-01-02,-1.0262453862246486,-135.6226359145837,-1.0463513816179804,zone2
2020-01-09,-0.6829990836906202,-135.15551609660866,1.7874241212568316,zone2
2020-01-16,0.2552138560913488,-135.89964483975223,1.4273751603978475,zone2
2020-01-23,0.5781162561251497,-135.45674632655195,-0.15067499043369756,zone2
2020-01-30,-0.5432200369401696,-136.98542069157935,-0.5475029626178103,zone2
2020-02-06,1.0713979464184429,-138.41383074683904,0.031707033077056655,zone2
2020-02-13,-0.6142933962414077,-138.20855016454794,-1.2384840021780439,zone2
2020-02-20,-0.7128476962063346,-139.92615760487095,2.960616151640642,zone2
2020-02-27,-0.09099096004555951,-140.2364407804936,1.0429061464242628,zone2
2020-03-05,0.04496581022322822,-139.39409206988995,-0.8837007661982471,zone2
2020-03-12,-0.14945732621920285,-140.05374981595844,-0.8640286398756623,zone2
2020-03-19,1.6601993293595183,-140.77424476742164,-0.1616939551578495,zone2
2020-03-26,-0.8784685620348276,-140.6516086458732,-0.04361069347698943,zone2
2020-04-02,-2.5732448101924548,-141.9082055973435,1.784198176794187,zone2
2020-04-09,-0.7959540017463738,-144.1952163054181,-1.1312567644489628,zone2
2020-04-16,0.2850447797775987,-145.77133596137884,0.5406261444691235,zone2
2020-04-23,0.0362963306638156,-146.93016797416666,0.21963936327930497,zone2
2020-04-30,0.8206797834443991,-147.05706575477336,0.5352869592157495,zone2
2020-05-07,1.3901873169187309,-145.39194599914973,-0.9061851251189897,zone2
2020-05-14,1.0843940656000552,-146.1113772285633,0.6912603540814749,zone2
2020-05-21,0.39261069438964935,-145.8388144640724,0.5026282648131968,zone2
2020-05-28,-1.988427377860909,-146.0760564691347,-0.7021504229080464,zone2
2020-06-04,0.6750871284506936,-146.91330282791873,0.8741445761497363,zone2
2020-06-11,-0.2963987406387474,-146.72927940589148,0.8162475792324647,zone2
2020-06-18,-2.7671430231957697,-146.06389997977163,-0.09049267851629991,zone2
2020-06-25,-0.19527207036253968,-147.69880514299817,2.040125840133958,zone2
2020-07-02,0.13935102930604673,-147.68483419830625,0.34502546245810556,zone2
2020-07-09,-0.04705927805280305,-148.59694128345797,-0.4766527711638214,zone2
2020-07-16,-0.7996261054929842,-147.75607876410854,-0.7324839016340472,zone2
2020-07-23,-0.766181634439695,-146.1912259544101,-0.6740387349035525,zone2
2020-07-30,-1.3506761398520775,-146.10980951255024,1.148719223861068,zone2
2020-08-06,-0.22900883999459298,-147.78276402497525,-0.20110738313068613,zone2
2020-08-13,-0.17460488203959224,-148.74346846667726,1.395993665091504,zone2
2020-08-20,1.2711055567127536,-149.69669906370171,0.3886243692565312,zone2
2020-08-27,-1.1728551810772412,-148.55560219898385,-1.0667656670917687,zone2
2020-09-03,0.21327856324331596,-147.23015803741797,-0.7001849854363783,zone2
2020-09-10,-0.6848982038627411,-148.53324339400322,-1.6322651959390382,zone2
2020-09-17,0.3869543736599489,-148.56380818687893,0.36906703488217274,zone2
2020-09-24,-1.112218887871307,-146.56136027310015,1.6822730809251782,zone2
2015-01-01,0.7326682389940801,49.364252586669515,2.1672805515755247,zone3
2015-01-08,0.8768231428589526,48.58826480320623,0.006184911437158262,zone3
2015-01-15,-0.8498647653325373,48.51313972777602,0.011489802436065035,zone3
2015-01-22,-0.8889009027431387,46.377469668826414,-0.16039412591015895,zone3
2015-01-29,-0.5321670550147362,45.632473661031696,1.4375528008132255,zone3
2015-02-05,1.4463733135083754,45.14620708008188,0.34374282095301084,zone3
2015-02-12,2.5758709889136573,45.54969020039842,1.4966192730868206,zone3
2015-02-19,1.2379461604007356,46.98303772676837,0.003296063751625276,zone3
2015-02-26,0.9073697765859052,47.409057208688765,-1.7350718490317811,zone3
2015-03-05,0.016615159683229186,48.998141827094784,-0.8205135011081499,zone3
2015-03-12,-0.7291027267647098,49.08987283048106,-1.4095863712069423,zone3
2015-03-19,0.48041286739725036,48.311550772479286,1.0289541695958062,zone3
2015-03-26,0.1361550921485313,48.27028267747098,0.368575730060628,zone3
2015-04-02,-2.035124624053948,48.46149995437572,-0.9242639103748945,zone3
2015-04-09,-0.938446333511192,45.78731158259738,0.8842862649080677,zone3
2015-04-16,-0.1027719993723869,45.676832789630495,-1.221203902636271,zone3
2015-04-23,-0.7424957156927459,44.78795477344555,0.014014471116158162,zone3
2015-04-30,-1.0355057590248227,42.49320409721718,1.7522270901972317,zone3
2015-05-07,-1.2067968249635053,42.81467476745667,-0.5918427989989727,zone3
2015-05-14,-0.5818908626275427,41.531669060765715,-0.20581347740493447,zone3
2015-05-21,-1.2403953778883232,41.11676678134373,-1.2609992794501674,zone3
2015-05-28,-1.7270212336860813,39.920620455858845,0.002829550781589281,zone3
2015-06-04,-2.358514759475704,38.80263352092166,1.230685780977805,zone3
2015-06-11,-1.8333783979570129,38.785424823583156,-0.029907447880531058,zone3
2015-06-18,-1.3597192886860938,37.91006615823247,-0.45503248648238087,zone3
2015-06-25,-1.772832072221839,35.99726723746307,0.45255288098183266,zone3
2015-07-02,-0.1786577625088095,36.01259551236737,1.0890458131521932,zone3
2015-07-09,0.7898039673346819,36.777537236756835,-0.2636334316044189,zone3
2015-07-16,0.41668243627049034,36.2874456883657,-0.025072860747290145,zone3
2015-07-23,0.6178513040683458,36.75582198868939,0.5742543758337463,zone3
2015-07-30,-1.8325063640362131,38.212201003099146,0.023180013706362437,zone3
2015-08-06,-2.1699696185434068,39.32689708784313,0.6160093279063126,zone3
2015-08-13,-0.26680590361516854,39.43914496077023,0.33651930613103764,zone3
2015-08-20,0.4970072218370886,40.70768694426816,0.04119662262473111,zone3
2015-08-27,0.32365178282963264,39.680264220128805,0.8267588299566843,zone3
2015-09-03,-1.4272126193028172,38.69149889413085,0.3178959468237228,zone3
2015-09-10,-2.6295743484035343,37.94687548426605,1.7652666447304357,zone3
2015-09-17,-1.8812277687159789,36.99726402835173,-0.9110051349608834,zone3
2015-09-24,-2.8625242920170013,36.19821960611253,-0.11305925193703918,zone3
2015-10-01,-1.766522477124507,34.36893589752138,0.34111432731851443,zone3
2015-10-08,-0.1017020981648562,32.05887128160334,1.208419553670936,zone3
2015-10-15,-1.0391093549858264,31.144387315275228,0.25496096780420957,zone3
2015-10-22,0.5055264702886926,30.86487231987398,-0.06446064616365538,zone3
2015-10-29,0.36160310872553614,30.456282009552446,0.037017891749718285,zone3
2015-11-05,-0.09245188435584023,31.68703901907884,-0.0958807748327493,zone3
2015-11-12,-1.2063189789411584,31.39531419873643,-0.7135850700103338,zone3
2015-11-19,-1.1643599650154801,32.100664068083944,-0.41064032239882936,zone3
2015-11-26,-0.006228687031773039,30.59041744385302,0.30663854357889464,zone3
2015-12-03,0.44928311168483054,31.90120771836658,-0.06439621217397735,zone3
2015-12-10,0.11618966899744713,30.857079411363216,-1.034430350944986,zone3
2015-12-17,1.699950911714699,29.531700201654438,0.07349161865305788,zone3
2015-12-24,1.0632952999062337,32.42772188116755,-1.7119276520681042,zone3
2015-12-31,-0.7853124111313674,33.02771093056546,0.32554376136805474,zone3
2016-01-07,-0.5589678260722173,32.70461729947091,-0.885322359398533,zone3
2016-01-14,0.4946221394749689,30.92131126965591,0.33843645089019475,zone3
2016-01-21,-0.36752683557732896,28.861334166577223,-1.3363585571499446,zone3
2016-01-28,0.09931050497929214,29.33413373144281,-0.5749458611457895,zone3
2016-02-04,0.5088364785165793,29.874615046994826,0.6284125300080309,zone3
2016-02-11,1.714761989849953,30.08410348338915,1.1954096251251531,zone3
2016-02-18,-0.9625055979963913,30.29747326430895,-0.8560908258186117,zone3
2016-02-25,0.07791432193622377,28.442559274942557,-1.161455575844989,zone3
2016-03-03,-0.4583881168205548,29.28873355854345,0.7946280602590188,zone3
2016-03-10,-0.7900400432550613,28.490048027430035,-0.2158422383977081,zone3
2016-03-17,0.4948429984674843,27.351717058026463,0.23382101602128336,zone3
2016-03-24,1.7031285014445374,28.932904404107944,0.8503187300152353,zone3
2016-03-31,1.126871248250026,30.36925144728869,1.0641805251485756,zone3
2016-04-07,-1.954054373867406,31.73717215637148,-1.9544711010048188,zone3
2016-04-14,-1.245605057321377,28.986525839948566,-0.920067390841959,zone3
2016-04-21,-0.16498030295310367,27.495938855101468,1.0721943750945733,zone3
2016-04-28,-1.2773555682474151,26.733873047474233,0.566513134916854,zone3
2016-05-05,0.419417673591738,24.867170661706425,-0.00461002374846218,zone3
2016-05-12,2.2306748940466736,24.344231423947612,1.3302500403656043,zone3
2016-05-19,2.257495387096319,26.771739223815032,-0.333386733888826,zone3
2016-05-26,0.8262816571935856,26.552264892908997,0.2631892314247334,zone3
2016-06-02,2.614454154264027,27.57820592428226,-0.6070446437601287,zone3
2016-06-09,3.4226879023981605,29.399994586647168,-1.5678740236010191,zone3
2016-06-16,4.00297376387121,31.472400901656936,-0.9133889059824037,zone3
2016-06-23,2.3835810016388344,34.8988695258354,-0.41218504089095415,zone3
2016-06-30,2.2092882489164927,36.151644896431485,0.3702961878631789,zone3
2016-07-07,1.061631104386623,35.5321424816496,0.5288778748969601,zone3
2016-07-14,0.4586791854214236,38.13427063985335,0.12215700246905503,zone3
2016-07-21,0.007066873466791412,39.6045457701352,-1.5837634312005975,zone3
2016-07-28,1.3630362533159384,39.349006335481505,-0.9750070991732359,zone3
2016-08-04,0.6633613486047828,38.97836684536676,-1.6247466745059465,zone3
2016-08-11,-0.7608909137442912,39.07523591455803,2.1895298417341325,zone3
2016-08-18,-1.1623922432234663,38.404799073639396,0.5622843868814608,zone3
2016-08-25,-0.8408896409967497,37.82841067434309,0.9661016351298343,zone3
2016-09-01,-0.5267905707285755,39.304115111240236,-0.4533892444931147,zone3
2016-09-08,-0.4777485357639094,38.488374529199135,-0.608171733534517,zone3
2016-09-15,0.8081278465534047,37.238096082923626,0.03687917526110899,zone3
2016-09-22,-0.11280115228972476,37.7830259009291,-1.3573434558587973,zone3
2016-09-29,2.2762539303636964,39.496664707683195,0.8048554418463983,zone3
2016-10-06,1.4219765391479118,41.91600233649247,-0.041956344500731886,zone3
2016-10-13,1.515551739055947,43.123106061705464,-0.42694347378643405,zone3
2016-10-20,0.17118952186478542,43.90327535409954,-0.2782533046276377,zone3
2016-10-27,-0.4319913584552777,44.61881680525701,-1.3442134066871563,zone3
2016-11-03,0.7896152941414604,43.11347552317055,0.3837753455868563,zone3
2016-11-10,1.6012363452021108,44.42211937602332,0.8603381217979131,zone3
2016-11-17,1.3506445564616363,45.08454112787817,0.3219324143055366,zone3
2016-11-24,0.3552531413309073,46.232967626724935,-1.0960112878083093,zone3
2016-12-01,1.5402438265918996,46.37013550265705,0.34128159028550525,zone3
2016-12-08,0.5098490741603711,45.69546781720804,-0.46164026937072383,zone3
2016-12-15,1.0753158766452788,46.05028840843759,-0.41094046602502216,zone3
2016-12-22,-1.7478233810831174,47.19395537145555,-1.510282968640232,zone3
2016-12-29,-0.06223172435425872,46.951662496953034,1.2597285776867322,zone3
2017-01-05,0.20389750368364268,47.58960238816471,0.5579082608901155,zone3
2017-01-12,0.5438745794357533,45.72515000368771,1.7502182161475859,zone3
2017-01-19,-0.14216459207735938,47.67095733551866,0.22148272364347935,zone3
2017-01-26,-2.0541905057286907,47.41983051645698,0.5507280666228077,zone3
2017-02-02,-0.9955963069612702,45.83381222452964,0.98031015873345,zone3
2017-02-09,-1.3303472080109735,44.861281423581296,0.47208869349393884,zone3
2017-02-16,-2.186814260742798,44.28881960987981,-1.1300073490228424,zone3
2017-02-23,-1.0063041989863444,40.881338705519894,-0.3675267229761479,zone3
2017-03-02,-1.7691332065420675,40.443971056559214,0.8218800557227663,zone3
2017-03-09,-3.049024744343778,39.79212727525415,-0.01837554041127247,zone3
2017-03-16,-2.4828802725838064,38.06433099918273,1.2017242780036537,zone3
2017-03-23,-2.0361679040040537,35.981876333019486,0.8999493657467263,zone3
2017-03-30,-2.6290051640345653,36.36683274511486,-0.8463798214062193,zone3
2017-04-06,-0.6712367502876223,35.195437627362246,0.026755923628055314,zone3
2017-04-13,-0.6600803081113896,33.7797129358524,0.12182197015007273,zone3
2017-04-20,0.7311667264536885,33.74511310252271,0.4733307618781934,zone3
2017-04-27,0.44891128896929244,34.53709989446639,-2.556012952782254,zone3
2017-05-04,1.3061562524783021,34.942761450718166,-0.6837638877986363,zone3
2017-05-11,0.6237159627155598,35.39583569805043,1.0949450015594466,zone3
2017-05-18,0.7226482844875046,35.53031585529671,1.1621887231910653,zone3
2017-05-25,1.2233005193573037,35.072816870364875,0.8699793201704854,zone3
2017-06-01,1.2045441862530382,39.29422913698096,0.9407093929081642,zone3
2017-06-08,-0.7583734540389147,40.30427623082463,0.8581307873495971,zone3
2017-06-15,-0.04260113905082419,37.72336615252776,1.5707551295246778,zone3
2017-06-22,1.0304852709337706,36.92032048379845,0.7550901931527875,zone3
2017-06-29,0.637310489198906,38.75435247296661,0.5263183498193473,zone3
2017-07-06,-1.6691094465669336,38.6041704254458,0.1836724935740434,zone3
2017-07-13,0.18051639445624013,36.90423391441212,1.2413527162364888,zone3
2017-07-20,1.91805825317567,37.09003174494801,1.8505525038307074,zone3
2017-07-27,2.3420443541298273,38.79873810593527,0.18308722454829435,zone3
2017-08-03,0.35162849446093825,41.702167945685936,0.8425471323797982,zone3
2017-08-10,0.5946105667695742,42.042822528720066,-0.8200697737063025,zone3
2017-08-17,0.9467048209755708,42.10981959237238,-0.9201950951118897,zone3
2017-08-24,0.5150464464974519,42.69670911384089,0.05087920896613399,zone3
2017-08-31,0.9800161554267415,41.79993573863832,1.8275455279481791,zone3
2017-09-07,-0.17757542648611346,42.57237106326994,-0.28532238586190783,zone3
2017-09-14,1.302922073488928,43.59260168945435,0.9674432669444641,zone3
2017-09-21,0.22170379356886244,42.45514468188473,0.2881206583152659,zone3
2017-09-28,0.200771245708662,43.57062778310417,0.03711413528160976,zone3
2017-10-05,-0.29116020312548463,43.38886861960008,0.3166050181772571,zone3
2017-10-12,1.7673210141468376,42.82333921336082,-0.7731823353502245,zone3
2017-10-19,1.8663022449719775,44.33979606960393,-1.229741345422264,zone3
2017-10-26,2.329957721840853,45.15982800676959,-0.8852883451742107,zone3
2017-11-02,1.7777256078858679,45.84779368497183,0.4844433854162544,zone3
2017-11-09,1.1277142555853883,46.7241368514724,1.9467460371098477,zone3
2017-11-16,2.1501373852909755,46.77852495837466,-1.4177351112297236,zone3
2017-11-23,-0.13303553601819607,47.63069121322032,-0.6823380390882485,zone3
2017-11-30,1.3325487921198889,47.384230006421916,0.023132089273465835,zone3
2017-12-07,0.4479051121155408,48.456028795088756,0.22746147335104236,zone3
2017-12-14,-1.0787037535712967,48.20924278304824,-2.0126250208121714,zone3
2017-12-21,-1.3653759233277614,47.42463488416877,0.35758742998218035,zone3
2017-12-28,-1.3623070933629593,46.40224790426817,0.3206179330361054,zone3
2018-01-04,-0.6289563095708472,47.49168728783043,-0.3733825946856612,zone3
2018-01-11,-0.6101476482100145,45.81583231029277,0.03196610961088245,zone3
2018-01-18,-0.10881877697823497,46.02997161125711,-0.45574264091631267,zone3
2018-01-25,-0.10009840269116235,46.21550457409801,-0.34948749881399804,zone3
2018-02-01,0.1326793703829625,47.10261678896386,1.7155215579366214,zone3
2018-02-08,-0.31032107996460234,48.53324107718882,-0.7681577037302412,zone3
2018-02-15,2.326021673057709,47.57912743799254,0.23521498517555858,zone3
2018-02-22,1.8432328077111375,47.897948022541705,-1.5197299310556371,zone3
2018-03-01,2.225763460724944,49.326196487818336,-0.01799868660092301,zone3
2018-03-08,2.6852660844040432,52.29878099160204,-0.47413199176294996,zone3
2018-03-15,2.2232115894810214,53.40022062626025,0.6042721320731147,zone3
2018-03-22,0.0827895095536808,55.62132645593297,0.25600747177319394,zone3
2018-03-29,1.2100377439578578,56.144532397788616,1.260543611946114,zone3
2018-04-05,1.272971266083538,57.664886666708334,-0.09920457277885543,zone3
2018-04-12,-0.8563030228292923,58.436167689843806,1.6206842905315824,zone3
2018-04-19,-0.21064070623272627,56.7594410023779,2.793722573035813,zone3
2018-04-26,0.9570255641741157,57.328299659657596,0.8741064713069239,zone3
2018-05-03,0.5971744169246855,57.03377229899767,0.6246981973258197,zone3
2018-05-10,-0.7594729770013054,58.82743758682479,0.4071586615053674,zone3
2018-05-17,1.3309048781905783,57.215106376591656,-1.1983805346252245,zone3
2018-05-24,0.3077609941350731,59.402104805366754,0.23635607052376212,zone3
2018-05-31,1.5268392101209196,58.05597800573246,-1.1432149219925558,zone3
2018-06-07,-0.0961722479943864,57.51919937526518,-0.5300553679810452,zone3
2018-06-14,0.03612882335848057,58.26137535273241,0.808412448245007,zone3
2018-06-21,-0.5815491443560497,57.750281310246365,-2.28795554529768,zone3
2018-06-28,-0.7398298783867931,56.68480352350781,-1.964911507876381,zone3
2018-07-05,0.7745177963713016,57.19334251900057,0.44853420539338296,zone3
2018-07-12,-1.44509584775463,57.80743438816091,-0.4959714867599081,zone3
2018-07-19,-0.6950309581308759,54.39667459547524,0.057109152609560634,zone3
2018-07-26,1.1557259421768615,52.77029794278133,0.2447036627062612,zone3
2018-08-02,1.392721304699099,53.92422897742877,-0.9826558016596371,zone3
2018-08-09,-0.6444630821695,54.13143554590378,-0.3390826714442204,zone3
2018-08-16,0.18132300321744216,52.380661874745186,0.8329055783924336,zone3
2018-08-23,1.7169348860121207,51.668177231580835,0.06773412991402497,zone3
2018-08-30,1.1685005283304275,52.794517008129205,0.5196140511677203,zone3
2018-09-06,0.3394039728846459,51.514109431067396,0.7160416586129417,zone3
2018-09-13,-0.3338996065075004,50.978017943912164,-1.1297288701846027,zone3
2018-09-20,0.02876570409196702,48.95751106853261,-0.08255933717028531,zone3
2018-09-27,0.7430587238025359,49.66398590592528,-0.13741257699854864,zone3
2018-10-04,-1.2122064579154417,51.36550500500301,0.8155247872542067,zone3
2018-10-11,-0.46332243778677384,50.387624427104655,-1.5553759817312514,zone3
2018-10-18,0.026956715721553393,49.77657614710429,-0.8627630033972365,zone3
2018-10-25,0.40667263629526884,50.545263208100174,0.8228108920782371,zone3
2018-11-01,-0.045478944258037696,52.258325545432484,-0.9825398716406967,zone3
2018-11-08,-0.7361086802610654,52.58719556189934,0.8607774869590044,zone3
2018-11-15,0.6993320366678342,50.67322446847436,1.0187558724735897,zone3
2018-11-22,1.3594154367071207,51.477867577966435,0.4285873374208402,zone3
2018-11-29,0.30253257088556346,51.88755609480055,0.8170494971917212,zone3
2018-12-06,0.02321135086864981,53.9705533599593,0.8777354841556145,zone3
2018-12-13,0.49304091005549666,54.82250482880477,-0.16739626458569637,zone3
2018-12-20,-0.14742016472552888,57.289209636283246,-0.2623336286840428,zone3
2018-12-27,0.07129929589322623,56.79622403668929,0.284126312364738,zone3
2019-01-03,-0.048385408944021116,57.86876246623299,1.4116889399429824,zone3
2019-01-10,-1.1486153843135645,56.575357026784054,1.0069918838904592,zone3
2019-01-17,1.6775611709651783,54.636242241243814,2.3028101839371797,zone3
2019-01-24,2.1988679172045016,55.01364477459271,0.697539896793073,zone3
2019-01-31,-1.095921734897464,55.115927670271304,1.0991977274964184,zone3
2019-02-07,-0.009573079849341526,53.93988778965826,0.041308763757325534,zone3
2019-02-14,-0.073113873474015,54.98148912690119,0.9087964164353437,zone3
2019-02-21,0.7517581349628331,57.70041529797593,-1.6388197088252099,zone3
2019-02-28,-0.9410574367086959,58.00270982520386,1.5535253180620674,zone3
2019-03-07,0.04299488284316022,56.47897380278254,0.33172961957611186,zone3
2019-03-14,-0.4684650485901474,57.472431264408584,-0.00798393420657565,zone3
2019-03-21,2.1048306243721218,57.0792051290887,1.1380488689153179,zone3
2019-03-28,1.6069146690551472,57.70273505274399,-1.7891348499024795,zone3
2019-04-04,0.8455117757597265,59.66424644579797,-1.582610443550915,zone3
2019-04-11,-0.30380824877591334,60.18548249652593,0.20405838479935234,zone3
2019-04-18,0.528172092064801,60.740268766160085,-0.3034095778535909,zone3
2019-04-25,-0.8940160614362308,61.35661674447082,-2.2139294326780457,zone3
2019-05-02,-0.7029413458873833,60.92892454344438,0.11099139779388548,zone3
2019-05-09,-0.45498804552613215,59.06952495959965,0.5570876888219293,zone3
2019-05-16,-0.6288239776291573,57.96099095373156,0.10201415730520329,zone3
2019-05-23,-0.024660154868091366,56.80537433899974,-0.5753859953749849,zone3
2019-05-30,1.7197614963317434,55.906255729300085,1.0451366527173427,zone3
2019-06-06,1.449759336556706,57.51715651743231,-0.8692525446091843,zone3
2019-06-13,0.4107617200171904,58.70429048814491,0.6129072420496925,zone3
2019-06-20,0.8802402090055547,59.024287287653344,-1.144901802628579,zone3
2019-06-27,1.1860137241506208,61.48496596890782,-0.7759549108237933,zone3
2019-07-04,0.8684061881347193,60.67768088323575,-0.9309647002310223,zone3
2019-07-11,2.602493571266315,61.36549378434988,-0.5226020852858216,zone3
2019-07-18,0.696539641387156,60.801721986012225,0.016043448106960147,zone3
2019-07-25,1.4227787495386914,62.700762744498206,-1.0871618774034648,zone3
2019-08-01,-0.4500566896872956,62.77282855443702,-1.0587827088549489,zone3
2019-08-08,1.2404582161007764,63.865096795286,-0.6086502872364821,zone3
2019-08-15,-0.3468229457476416,65.4221594905081,2.1152606590966614,zone3
2019-08-22,-0.3063136475489586,64.72181207138797,0.4620162369185323,zone3
2019-08-29,-0.06574984991947855,64.56547534214933,0.45818300198290335,zone3
2019-09-05,-0.34062132641570614,63.8475445704472,-0.18571958827238785,zone3
2019-09-12,-0.4084837030750098,62.10311007990125,0.07600479458281383,zone3
2019-09-19,-1.2350741243046717,62.08874630584466,0.9161371025388787,zone3
2019-09-26,-2.1012484304855494,61.13342142864794,-0.1286497152747475,zone3
2019-10-03,-0.3962805686662546,59.86639910709419,-0.9189794769250562,zone3
2019-10-10,0.49184085476140965,60.32557803422393,-1.6208986644543453,zone3
2019-10-17,0.12621371558206462,59.644804156265906,1.6190773002921712,zone3
2019-10-24,1.1191664504755825,60.53678875491295,1.434371063675749,zone3
2019-10-31,2.1905284745801827,61.50144008661793,-1.7745589207013666,zone3
2019-11-07,-0.07203906332408483,62.49481092081667,0.0012272788834710583,zone3
2019-11-14,-0.5906831099112962,61.59671827298381,-0.8317937648204559,zone3
2019-11-21,-0.09357200406381239,62.18137849160885,0.7111172131454729,zone3
2019-11-28,-2.023008686981427,62.5176407767365,0.32529833111170087,zone3
2019-12-05,-1.3877537456815419,60.34223536105588,0.7269007002151783,zone3
2019-12-12,-0.5256850801747164,59.01225461603343,-0.9835301382337969,zone3
2019-12-19,0.07174140651661909,58.78063738075832,1.139592469369168,zone3
2019-12-26,2.9766997592636693,61.10449321283068,0.07890796315412048,zone3
2020-01-02,0.11813785023563006,61.6650989550133,-1.3888872343711882,zone3
2020-01-09,0.883307385068808,60.398882107955316,0.6624469481169714,zone3
2020-01-16,-0.7192608992566506,61.315914550772234,-1.5488078896670976,zone3
2020-01-23,0.337286444449926,58.81344141408478,-1.1133622013303408,zone3
2020-01-30,0.5314830254651223,58.99250478832446,0.8065773634086671,zone3
2020-02-06,-1.9280619701441473,59.145287574049085,-1.0429541448596205,zone3
2020-02-13,0.8294944766790917,57.868678406915926,-0.2810291108374318,zone3
2020-02-20,-0.3957907289023346,58.78375221355672,0.752156156595016,zone3
2020-02-27,-0.2091329883048827,60.551740000614274,-0.08410082301239856,zone3
2020-03-05,-0.7855679773506865,60.89721231365473,0.888163627794843,zone3
2020-03-12,0.8213682927422028,61.1229826148287,-1.6026947818751238,zone3
2020-03-19,0.7375829591100163,61.545261119190876,0.07336242781344605,zone3
2020-03-26,1.6774762275626083,63.06694716562981,0.20146117492482535,zone3
2020-04-02,3.4130773908878718,62.97407013785542,0.009752985645544951,zone3
2020-04-09,2.9647687042683595,65.09884619145816,0.7399228346192988,zone3
2020-04-16,0.8952074780788544,67.23664625809795,0.38718523098768964,zone3
2020-04-23,2.002906112069808,68.1569322449985,0.8833995564541375,zone3
2020-04-30,1.1552476279888193,71.17464446437553,0.41948187895858163,zone3
2020-05-07,1.4606385283111303,72.50150741993777,1.4273506282396495,zone3
2020-05-14,0.7841457565548463,73.89507477407986,-1.1935177175151808,zone3
2020-05-21,1.5936756306384263,73.24404775256873,-0.04576449005822363,zone3
2020-05-28,1.0851409295881345,74.21277175490418,1.183570105094044,zone3
2020-06-04,0.4779482837371768,74.22510678451953,0.40450396673413036,zone3
2020-06-11,1.0682945416871792,72.37367377421393,-1.1273447358345738,zone3
2020-06-18,1.444319451738283,72.73669696169631,0.06490553808903583,zone3
2020-06-25,1.137149395564757,74.20820944553107,1.8866313596801576,zone3
2020-07-02,-0.11296097993539644,75.55290299774451,-2.03929026174312,zone3
2020-07-09,-0.18698218793405255,75.16811335920178,0.11275492418217875,zone3
2020-07-16,-0.5699793819479427,73.8255178937265,1.0636455211483402,zone3
2020-07-23,-0.9470457776910477,74.37185271668291,0.5237835587491437,zone3
2020-07-30,-2.1831820812795213,75.72699602097106,0.16245119476627765,zone3
2020-08-06,-2.0762264169088067,74.4345083376507,-0.5924699981714884,zone3
2020-08-13,-1.5411697782521623,74.92092361022519,-0.06378179459295533,zone3
2020-08-20,-1.5814538716586306,75.77982245249378,1.136198560387679,zone3
2020-08-27,-0.8839161825297609,75.20384844752189,2.032559519783601,zone3
2020-09-03,0.4583387704578706,74.24587095090108,0.8036404411226907,zone3
2020-09-10,-0.8475645980596095,73.65757974599411,-0.026841585944554495,zone3
2020-09-17,0.22462556822651097,74.46541319687024,1.4120971916121865,zone3
2020-09-24,0.2795022497432499,74.3365523395163,1.3776954697290695,zone3
